Workbook

Sheet Impressoras
A1: CADASTRO DE IMPRESSORAS — IP, Nº DE SÉRIE E PIN
A2: Planilha reorganizada automaticamente a partir do arquivo original. Última atualização: ver célula ao lado.
A4: Nº | B4: Filial / Unidade | C4: Setor / Local | D4: Modelo da Impressora | E4: Nº de Série | F4: Endereço IP | G4: PIN / Observação | H4: Status | I4: Scanner Usuario | J4: Scanner Senha
A5: 1 | B5: Arinos | C5: ARINOS (BALCÂO FUNDO) | D5: P3015 | E5: BRCSG2706W | F5: 192.168.106.34 | G5: (verificar) | H5: =IF(OR(ISNUMBER(SEARCH("manual",F5)),ISNUMBER(SEARCH("usb",F5))),"Impressora local (USB)",IF(OR(E5="",ISNUMBER(SEARCH("verificar",E5))),"Verificar nº de série",IF(F5="","Sem IP cadastrado",IF(OR(ISNUMBER(SEARCH("verificar",G5)),ISNUMBER(SEARCH("pegar",G5))),"Verificar PIN",IF(G5="","PIN não informado","OK"))))) -> Verificar PIN
A6: 2 | B6: Arinos | C6: Abatedouro Arinos | D6: HP 1102 | H6: =IF(OR(ISNUMBER(SEARCH("manual",F6)),ISNUMBER(SEARCH("usb",F6))),"Impressora local (USB)",IF(OR(E6="",ISNUMBER(SEARCH("verificar",E6))),"Verificar nº de série",IF(F6="","Sem IP cadastrado",IF(OR(ISNUMBER(SEARCH("verificar",G6)),ISNUMBER(SEARCH("pegar",G6))),"Verificar PIN",IF(G6="","PIN não informado","OK"))))) -> Verificar nº de série
A7: 3 | B7: Arinos | C7: Arinos AGV | D7: HP 4103 Fdw | E7: BRBSS1D009 | F7: 192.168.106.40 | G7: 93845138 | H7: =IF(OR(ISNUMBER(SEARCH("manual",F7)),ISNUMBER(SEARCH("usb",F7))),"Impressora local (USB)",IF(OR(E7="",ISNUMBER(SEARCH("verificar",E7))),"Verificar nº de série",IF(F7="","Sem IP cadastrado",IF(OR(ISNUMBER(SEARCH("verificar",G7)),ISNUMBER(SEARCH("pegar",G7))),"Verificar PIN",IF(G7="","PIN não informado","OK"))))) -> OK
A8: 4 | B8: Arinos | C8: Arinos AGV Balcão | D8: HP 426 Fdw | F8: 192.168.106.34 | G8: (reserva) | H8: =IF(OR(ISNUMBER(SEARCH("manual",F8)),ISNUMBER(SEARCH("usb",F8))),"Impressora local (USB)",IF(OR(E8="",ISNUMBER(SEARCH("verificar",E8))),"Verificar nº de série",IF(F8="","Sem IP cadastrado",IF(OR(ISNUMBER(SEARCH("verificar",G8)),ISNUMBER(SEARCH("pegar",G8))),"Verificar PIN",IF(G8="","PIN não informado","OK"))))) -> Verificar nº de série
A9: 5 | B9: Arinos | C9: Arinos AGV normal 01 | D9: HP 4003 Dw | E9: BRBSR6P0FH | F9: 192.168.106.41 | G9: 65562957 | H9: =IF(OR(ISNUMBER(SEARCH("manual",F9)),ISNUMBER(SEARCH("usb",F9))),"Impressora local (USB)",IF(OR(E9="",ISNUMBER(SEARCH("verificar",E9))),"Verificar nº de série",IF(F9="","Sem IP cadastrado",IF(OR(ISNUMBER(SEARCH("verificar",G9)),ISNUMBER(SEARCH("pegar",G9))),"Verificar PIN",IF(G9="","PIN não informado","OK"))))) -> OK
A10: 6 | B10: Arinos | C10: Arinos AGV normal 02 | D10: HP 4003 Dw | E10: BRBSR6P0GK | F10: 192.168.106.42 | G10: 65640910 | H10: =IF(OR(ISNUMBER(SEARCH("manual",F10)),ISNUMBER(SEARCH("usb",F10))),"Impressora local (USB)",IF(OR(E10="",ISNUMBER(SEARCH("verificar",E10))),"Verificar nº de série",IF(F10="","Sem IP cadastrado",IF(OR(ISNUMBER(SEARCH("verificar",G10)),ISNUMBER(SEARCH("pegar",G10))),"Verificar PIN",IF(G10="","PIN não informado","OK"))))) -> OK
A11: 7 | B11: Arinos | C11: Arinos Mercado | D11: HP 4103 Fdw | E11: BRBSRD704C | F11: 192.168.106.35 | G11: Pegar PIN | H11: =IF(OR(ISNUMBER(SEARCH("manual",F11)),ISNUMBER(SEARCH("usb",F11))),"Impressora local (USB)",IF(OR(E11="",ISNUMBER(SEARCH("verificar",E11))),"Verificar nº de série",IF(F11="","Sem IP cadastrado",IF(OR(ISNUMBER(SEARCH("verificar",G11)),ISNUMBER(SEARCH("pegar",G11))),"Verificar PIN",IF(G11="","PIN não informado","OK"))))) -> Verificar PIN
A12: 8 | B12: Arinos | C12: Arinos agv reserva | D12: HP 3015 | E12: BRCSG2F011 | G12: (usa o ip da que tirou) | H12: =IF(OR(ISNUMBER(SEARCH("manual",F12)),ISNUMBER(SEARCH("usb",F12))),"Impressora local (USB)",IF(OR(E12="",ISNUMBER(SEARCH("verificar",E12))),"Verificar nº de série",IF(F12="","Sem IP cadastrado",IF(OR(ISNUMBER(SEARCH("verificar",G12)),ISNUMBER(SEARCH("pegar",G12))),"Verificar PIN",IF(G12="","PIN não informado","OK"))))) -> Sem IP cadastrado
A13: 9 | B13: Arinos | C13: Arinos – Posto caixa | D13: HP 4003 Dw | E13: BRBSQ7S0PN | F13: 192.168.116.36 | G13: 21660333 | H13: =IF(OR(ISNUMBER(SEARCH("manual",F13)),ISNUMBER(SEARCH("usb",F13))),"Impressora local (USB)",IF(OR(E13="",ISNUMBER(SEARCH("verificar",E13))),"Verificar nº de série",IF(F13="","Sem IP cadastrado",IF(OR(ISNUMBER(SEARCH("verificar",G13)),ISNUMBER(SEARCH("pegar",G13))),"Verificar PIN",IF(G13="","PIN não informado","OK"))))) -> OK
A14: 10 | B14: Arinos | C14: Arinos – posto contin... | D14: HP 4103 Fdw | E14: BRBSQ51041 | F14: 192.168.116.35 | G14: 04815061 | H14: =IF(OR(ISNUMBER(SEARCH("manual",F14)),ISNUMBER(SEARCH("usb",F14))),"Impressora local (USB)",IF(OR(E14="",ISNUMBER(SEARCH("verificar",E14))),"Verificar nº de série",IF(F14="","Sem IP cadastrado",IF(OR(ISNUMBER(SEARCH("verificar",G14)),ISNUMBER(SEARCH("pegar",G14))),"Verificar PIN",IF(G14="","PIN não informado","OK"))))) -> OK | I14: ARI-15808 | J14: PAR-15808
A15: 11 | B15: Bonfinópolis | C15: Bonfin AGV normal 01 | D15: HP 4103 Fdw | E15: BRBSR6P0D2 | F15: 192.168.119.36 | G15: 65485134 | H15: =IF(OR(ISNUMBER(SEARCH("manual",F15)),ISNUMBER(SEARCH("usb",F15))),"Impressora local (USB)",IF(OR(E15="",ISNUMBER(SEARCH("verificar",E15))),"Verificar nº de série",IF(F15="","Sem IP cadastrado",IF(OR(ISNUMBER(SEARCH("verificar",G15)),ISNUMBER(SEARCH("pegar",G15))),"Verificar PIN",IF(G15="","PIN não informado","OK"))))) -> OK
A16: 12 | B16: Bonfinópolis | C16: Bonfin AGV normal 02 | D16: HP 4003 | E16: BRBSS9T05H | F16: 192.168.119.37 | G16: verificar | H16: =IF(OR(ISNUMBER(SEARCH("manual",F16)),ISNUMBER(SEARCH("usb",F16))),"Impressora local (USB)",IF(OR(E16="",ISNUMBER(SEARCH("verificar",E16))),"Verificar nº de série",IF(F16="","Sem IP cadastrado",IF(OR(ISNUMBER(SEARCH("verificar",G16)),ISNUMBER(SEARCH("pegar",G16))),"Verificar PIN",IF(G16="","PIN não informado","OK"))))) -> Verificar PIN
A17: 13 | B17: Bonfinópolis | C17: Bonfinópolis Balcão Vendas | D17: HP 3015 | F17: 192.168.119.38 | G17: verificar | H17: =IF(OR(ISNUMBER(SEARCH("manual",F17)),ISNUMBER(SEARCH("usb",F17))),"Impressora local (USB)",IF(OR(E17="",ISNUMBER(SEARCH("verificar",E17))),"Verificar nº de série",IF(F17="","Sem IP cadastrado",IF(OR(ISNUMBER(SEARCH("verificar",G17)),ISNUMBER(SEARCH("pegar",G17))),"Verificar PIN",IF(G17="","PIN não informado","OK"))))) -> Verificar nº de série
A18: 14 | B18: Bonfinópolis | C18: Bonfinópolis Mesa Aline | D18: HP 426 Fdw | E18: PHB8J6VFWM | F18: 192.168.119.35 | G18: verificar | H18: =IF(OR(ISNUMBER(SEARCH("manual",F18)),ISNUMBER(SEARCH("usb",F18))),"Impressora local (USB)",IF(OR(E18="",ISNUMBER(SEARCH("verificar",E18))),"Verificar nº de série",IF(F18="","Sem IP cadastrado",IF(OR(ISNUMBER(SEARCH("verificar",G18)),ISNUMBER(SEARCH("pegar",G18))),"Verificar PIN",IF(G18="","PIN não informado","OK"))))) -> Verificar PIN
A19: 15 | B19: Brasilândia | C19: Brasilândia AGV balcão | D19: HP Pro 400 | E19: CNF8G4HDH3 | F19: 192.168.128.35 | G19: verificar | H19: =IF(OR(ISNUMBER(SEARCH("manual",F19)),ISNUMBER(SEARCH("usb",F19))),"Impressora local (USB)",IF(OR(E19="",ISNUMBER(SEARCH("verificar",E19))),"Verificar nº de série",IF(F19="","Sem IP cadastrado",IF(OR(ISNUMBER(SEARCH("verificar",G19)),ISNUMBER(SEARCH("pegar",G19))),"Verificar PIN",IF(G19="","PIN não informado","OK"))))) -> Verificar PIN
A20: 16 | B20: Brasilândia | C20: Brasilândia AGV normal 01 | D20: HP 4003 Dw | E20: BRBSR6P08X | F20: 192.168.128.36 | G20: 65229271 | H20: =IF(OR(ISNUMBER(SEARCH("manual",F20)),ISNUMBER(SEARCH("usb",F20))),"Impressora local (USB)",IF(OR(E20="",ISNUMBER(SEARCH("verificar",E20))),"Verificar nº de série",IF(F20="","Sem IP cadastrado",IF(OR(ISNUMBER(SEARCH("verificar",G20)),ISNUMBER(SEARCH("pegar",G20))),"Verificar PIN",IF(G20="","PIN não informado","OK"))))) -> OK
A21: 17 | B21: Brasilândia | C21: Brasilândia AGV normal 02 | D21: HP 4003 Dw | E21: BRBSR4X069 | F21: 192.168.128.37 | G21: 27660562 | H21: =IF(OR(ISNUMBER(SEARCH("manual",F21)),ISNUMBER(SEARCH("usb",F21))),"Impressora local (USB)",IF(OR(E21="",ISNUMBER(SEARCH("verificar",E21))),"Verificar nº de série",IF(F21="","Sem IP cadastrado",IF(OR(ISNUMBER(SEARCH("verificar",G21)),ISNUMBER(SEARCH("pegar",G21))),"Verificar PIN",IF(G21="","PIN não informado","OK"))))) -> OK
A22: 18 | B22: Brasilândia | C22: Brasilândia AGV reserva | D22: Hp 3015 | F22: 192.168.128.39 | H22: =IF(OR(ISNUMBER(SEARCH("manual",F22)),ISNUMBER(SEARCH("usb",F22))),"Impressora local (USB)",IF(OR(E22="",ISNUMBER(SEARCH("verificar",E22))),"Verificar nº de série",IF(F22="","Sem IP cadastrado",IF(OR(ISNUMBER(SEARCH("verificar",G22)),ISNUMBER(SEARCH("pegar",G22))),"Verificar PIN",IF(G22="","PIN não informado","OK"))))) -> Verificar nº de série
A23: 19 | B23: Buritis | C23: Buritis AGV Balcão | D23: HP 4103 Fdw | E23: BRBSSDM09R | F23: 192.168.125.31 | G23: 3615771 | H23: =IF(OR(ISNUMBER(SEARCH("manual",F23)),ISNUMBER(SEARCH("usb",F23))),"Impressora local (USB)",IF(OR(E23="",ISNUMBER(SEARCH("verificar",E23))),"Verificar nº de série",IF(F23="","Sem IP cadastrado",IF(OR(ISNUMBER(SEARCH("verificar",G23)),ISNUMBER(SEARCH("pegar",G23))),"Verificar PIN",IF(G23="","PIN não informado","OK"))))) -> OK
A24: 20 | B24: Buritis | C24: Buritis AGV Ilza | D24: HP Pro 428fdw | E24: BRDSQCF0F0 | F24: 192.168.125.30 | H24: =IF(OR(ISNUMBER(SEARCH("manual",F24)),ISNUMBER(SEARCH("usb",F24))),"Impressora local (USB)",IF(OR(E24="",ISNUMBER(SEARCH("verificar",E24))),"Verificar nº de série",IF(F24="","Sem IP cadastrado",IF(OR(ISNUMBER(SEARCH("verificar",G24)),ISNUMBER(SEARCH("pegar",G24))),"Verificar PIN",IF(G24="","PIN não informado","OK"))))) -> PIN não informado
A25: 21 | B25: Buritis | C25: Buritis AGV normal 01 | D25: HP 4003 Dw | E25: BRBSR6P080 | F25: 192.168.125.32 | G25: 65188125 | H25: =IF(OR(ISNUMBER(SEARCH("manual",F25)),ISNUMBER(SEARCH("usb",F25))),"Impressora local (USB)",IF(OR(E25="",ISNUMBER(SEARCH("verificar",E25))),"Verificar nº de série",IF(F25="","Sem IP cadastrado",IF(OR(ISNUMBER(SEARCH("verificar",G25)),ISNUMBER(SEARCH("pegar",G25))),"Verificar PIN",IF(G25="","PIN não informado","OK"))))) -> OK
A26: 22 | B26: Buritis | C26: Buritis AGV normal 02 | D26: HP 4003 Dw | E26: BRBSRBM096 | F26: 192.168.125.33 | G26: 65585930 | H26: =IF(OR(ISNUMBER(SEARCH("manual",F26)),ISNUMBER(SEARCH("usb",F26))),"Impressora local (USB)",IF(OR(E26="",ISNUMBER(SEARCH("verificar",E26))),"Verificar nº de série",IF(F26="","Sem IP cadastrado",IF(OR(ISNUMBER(SEARCH("verificar",G26)),ISNUMBER(SEARCH("pegar",G26))),"Verificar PIN",IF(G26="","PIN não informado","OK"))))) -> OK
A27: 23 | B27: Cabeceira Goias | C27: CAG_BALCAO | D27: HP 3015 | F27: 192.168.129.38 | G27: Balcão | H27: =IF(OR(ISNUMBER(SEARCH("manual",F27)),ISNUMBER(SEARCH("usb",F27))),"Impressora local (USB)",IF(OR(E27="",ISNUMBER(SEARCH("verificar",E27))),"Verificar nº de série",IF(F27="","Sem IP cadastrado",IF(OR(ISNUMBER(SEARCH("verificar",G27)),ISNUMBER(SEARCH("pegar",G27))),"Verificar PIN",IF(G27="","PIN não informado","OK"))))) -> Verificar nº de série
A28: 24 | B28: Cabeceira Goias | C28: CAG_ESCRITORIO | D28: HP 426 | E28: BRBSV4S0KB | F28: 192.168.129.36 | G28: 92216916 | H28: =IF(OR(ISNUMBER(SEARCH("manual",F28)),ISNUMBER(SEARCH("usb",F28))),"Impressora local (USB)",IF(OR(E28="",ISNUMBER(SEARCH("verificar",E28))),"Verificar nº de série",IF(F28="","Sem IP cadastrado",IF(OR(ISNUMBER(SEARCH("verificar",G28)),ISNUMBER(SEARCH("pegar",G28))),"Verificar PIN",IF(G28="","PIN não informado","OK"))))) -> OK
A29: 25 | B29: Cabeceira Goias | C29: CAG_NORMAL01 | D29: HP 4003 Fdw | E29: BRBS07S0P0 | F29: 192.168.129.39 | G29: 21652072 | H29: =IF(OR(ISNUMBER(SEARCH("manual",F29)),ISNUMBER(SEARCH("usb",F29))),"Impressora local (USB)",IF(OR(E29="",ISNUMBER(SEARCH("verificar",E29))),"Verificar nº de série",IF(F29="","Sem IP cadastrado",IF(OR(ISNUMBER(SEARCH("verificar",G29)),ISNUMBER(SEARCH("pegar",G29))),"Verificar PIN",IF(G29="","PIN não informado","OK"))))) -> OK
A30: 26 | B30: Cabeceira Goias | C30: CAG_NORMAL02 | D30: HP 4003 Fdw | E30: BRBSR6P0G8 | F30: 192.168.129.40 | G30: 65628895 | H30: =IF(OR(ISNUMBER(SEARCH("manual",F30)),ISNUMBER(SEARCH("usb",F30))),"Impressora local (USB)",IF(OR(E30="",ISNUMBER(SEARCH("verificar",E30))),"Verificar nº de série",IF(F30="","Sem IP cadastrado",IF(OR(ISNUMBER(SEARCH("verificar",G30)),ISNUMBER(SEARCH("pegar",G30))),"Verificar PIN",IF(G30="","PIN não informado","OK"))))) -> OK
A31: 27 | B31: Cabeceira Goias | C31: CAG_RESERVA | D31: HP 4003 | E31: BRBSR6P0G5 | F31: 192.168.129.37 | G31: 65606446 | H31: =IF(OR(ISNUMBER(SEARCH("manual",F31)),ISNUMBER(SEARCH("usb",F31))),"Impressora local (USB)",IF(OR(E31="",ISNUMBER(SEARCH("verificar",E31))),"Verificar nº de série",IF(F31="","Sem IP cadastrado",IF(OR(ISNUMBER(SEARCH("verificar",G31)),ISNUMBER(SEARCH("pegar",G31))),"Verificar PIN",IF(G31="","PIN não informado","OK"))))) -> OK
A32: 28 | B32: Cabeceira Grande | C32: Cab Grande | D32: HP 428 Fdw | E32: BRDSQDF0FS | F32: 192.168.112.35 | H32: =IF(OR(ISNUMBER(SEARCH("manual",F32)),ISNUMBER(SEARCH("usb",F32))),"Impressora local (USB)",IF(OR(E32="",ISNUMBER(SEARCH("verificar",E32))),"Verificar nº de série",IF(F32="","Sem IP cadastrado",IF(OR(ISNUMBER(SEARCH("verificar",G32)),ISNUMBER(SEARCH("pegar",G32))),"Verificar PIN",IF(G32="","PIN não informado","OK"))))) -> PIN não informado
A33: 29 | B33: Cabeceira Grande | C33: Cab Grande AGV Continge. | D33: HP 4003 Dw | E33: BRBSR6P0FP | F33: 192.168.112.37 | G33: 65573020 | H33: =IF(OR(ISNUMBER(SEARCH("manual",F33)),ISNUMBER(SEARCH("usb",F33))),"Impressora local (USB)",IF(OR(E33="",ISNUMBER(SEARCH("verificar",E33))),"Verificar nº de série",IF(F33="","Sem IP cadastrado",IF(OR(ISNUMBER(SEARCH("verificar",G33)),ISNUMBER(SEARCH("pegar",G33))),"Verificar PIN",IF(G33="","PIN não informado","OK"))))) -> OK
A34: 30 | B34: Cabeceira Grande | C34: Cab Grande AGV normal | D34: HP 4003 Dw | E34: BRBSR6P09F | F34: 192.168.112.36 | G34: 65301488 | H34: =IF(OR(ISNUMBER(SEARCH("manual",F34)),ISNUMBER(SEARCH("usb",F34))),"Impressora local (USB)",IF(OR(E34="",ISNUMBER(SEARCH("verificar",E34))),"Verificar nº de série",IF(F34="","Sem IP cadastrado",IF(OR(ISNUMBER(SEARCH("verificar",G34)),ISNUMBER(SEARCH("pegar",G34))),"Verificar PIN",IF(G34="","PIN não informado","OK"))))) -> OK
A35: 31 | B35: Cabeceira Grande | C35: Cabeceira Grande (BALCÃO FUNDO) | D35: P3015 | E35: BRBSD6CK3H | F35: 192.168.112.56 | G35: (verificar) | H35: =IF(OR(ISNUMBER(SEARCH("manual",F35)),ISNUMBER(SEARCH("usb",F35))),"Impressora local (USB)",IF(OR(E35="",ISNUMBER(SEARCH("verificar",E35))),"Verificar nº de série",IF(F35="","Sem IP cadastrado",IF(OR(ISNUMBER(SEARCH("verificar",G35)),ISNUMBER(SEARCH("pegar",G35))),"Verificar PIN",IF(G35="","PIN não informado","OK"))))) -> Verificar PIN
A36: 32 | B36: Chapada | C36: Chapada BALCAO FUNDO | D36: HP P3015 | E36: BRBHC3B70G | F36: 192.168.152.36 | H36: =IF(OR(ISNUMBER(SEARCH("manual",F36)),ISNUMBER(SEARCH("usb",F36))),"Impressora local (USB)",IF(OR(E36="",ISNUMBER(SEARCH("verificar",E36))),"Verificar nº de série",IF(F36="","Sem IP cadastrado",IF(OR(ISNUMBER(SEARCH("verificar",G36)),ISNUMBER(SEARCH("pegar",G36))),"Verificar PIN",IF(G36="","PIN não informado","OK"))))) -> PIN não informado
A37: 33 | B37: Chapada | C37: Chapada CHA_NORMAL01 | D37: HP 4003 | E37: BRBSSDL00Q | F37: 192.168.152.35 | H37: =IF(OR(ISNUMBER(SEARCH("manual",F37)),ISNUMBER(SEARCH("usb",F37))),"Impressora local (USB)",IF(OR(E37="",ISNUMBER(SEARCH("verificar",E37))),"Verificar nº de série",IF(F37="","Sem IP cadastrado",IF(OR(ISNUMBER(SEARCH("verificar",G37)),ISNUMBER(SEARCH("pegar",G37))),"Verificar PIN",IF(G37="","PIN não informado","OK"))))) -> PIN não informado
A38: 34 | B38: Chapada | C38: Chapada ESCRITÓRIO | D38: HP M26 | E38: CNF8G6J60X | F38: 192.168.152.34 | H38: =IF(OR(ISNUMBER(SEARCH("manual",F38)),ISNUMBER(SEARCH("usb",F38))),"Impressora local (USB)",IF(OR(E38="",ISNUMBER(SEARCH("verificar",E38))),"Verificar nº de série",IF(F38="","Sem IP cadastrado",IF(OR(ISNUMBER(SEARCH("verificar",G38)),ISNUMBER(SEARCH("pegar",G38))),"Verificar PIN",IF(G38="","PIN não informado","OK"))))) -> PIN não informado
A39: 35 | B39: Chapada | C39: Chapada RESERVA | D39: HP P3015 | E39: BRBHB3R73L | F39: 192.168.152.37 | H39: =IF(OR(ISNUMBER(SEARCH("manual",F39)),ISNUMBER(SEARCH("usb",F39))),"Impressora local (USB)",IF(OR(E39="",ISNUMBER(SEARCH("verificar",E39))),"Verificar nº de série",IF(F39="","Sem IP cadastrado",IF(OR(ISNUMBER(SEARCH("verificar",G39)),ISNUMBER(SEARCH("pegar",G39))),"Verificar PIN",IF(G39="","PIN não informado","OK"))))) -> PIN não informado
A40: 36 | B40: Dom Bosco | C40: Dom Bosco AGV Contig | D40: HP 4003Dw | E40: BRBSR6P0FP | F40: 192.168.112.37 | G40: Verificar | H40: =IF(OR(ISNUMBER(SEARCH("manual",F40)),ISNUMBER(SEARCH("usb",F40))),"Impressora local (USB)",IF(OR(E40="",ISNUMBER(SEARCH("verificar",E40))),"Verificar nº de série",IF(F40="","Sem IP cadastrado",IF(OR(ISNUMBER(SEARCH("verificar",G40)),ISNUMBER(SEARCH("pegar",G40))),"Verificar PIN",IF(G40="","PIN não informado","OK"))))) -> Verificar PIN
A41: 37 | B41: Dom Bosco | C41: Dom Bosco Balcão agv | D41: HP 426 Fdw | E41: BRBSHBP6ZW | F41: 192.168.113.35 | H41: =IF(OR(ISNUMBER(SEARCH("manual",F41)),ISNUMBER(SEARCH("usb",F41))),"Impressora local (USB)",IF(OR(E41="",ISNUMBER(SEARCH("verificar",E41))),"Verificar nº de série",IF(F41="","Sem IP cadastrado",IF(OR(ISNUMBER(SEARCH("verificar",G41)),ISNUMBER(SEARCH("pegar",G41))),"Verificar PIN",IF(G41="","PIN não informado","OK"))))) -> PIN não informado
A42: 38 | B42: Dom Bosco | C42: Dom Bosco Mercado | D42: HP 4103 Dw | E42: BRBSRD7049 | F42: 192.168.113.38 | G42: 69947784 | H42: =IF(OR(ISNUMBER(SEARCH("manual",F42)),ISNUMBER(SEARCH("usb",F42))),"Impressora local (USB)",IF(OR(E42="",ISNUMBER(SEARCH("verificar",E42))),"Verificar nº de série",IF(F42="","Sem IP cadastrado",IF(OR(ISNUMBER(SEARCH("verificar",G42)),ISNUMBER(SEARCH("pegar",G42))),"Verificar PIN",IF(G42="","PIN não informado","OK"))))) -> OK
A43: 39 | B43: Dom Bosco | C43: Dom Bosco Normal (caixa) | D43: HP 4003 Dw | E43: BRBSR6P0FK | F43: 192.168.113.36 | G43: 65564184 | H43: =IF(OR(ISNUMBER(SEARCH("manual",F43)),ISNUMBER(SEARCH("usb",F43))),"Impressora local (USB)",IF(OR(E43="",ISNUMBER(SEARCH("verificar",E43))),"Verificar nº de série",IF(F43="","Sem IP cadastrado",IF(OR(ISNUMBER(SEARCH("verificar",G43)),ISNUMBER(SEARCH("pegar",G43))),"Verificar PIN",IF(G43="","PIN não informado","OK"))))) -> OK
A44: 40 | B44: Laticínios | C44: Almoxarifado Laticinios | D44: Samsung SCX-5835 | E44: 6816BJIC60000CY | F44: Manual | H44: =IF(OR(ISNUMBER(SEARCH("manual",F44)),ISNUMBER(SEARCH("usb",F44))),"Impressora local (USB)",IF(OR(E44="",ISNUMBER(SEARCH("verificar",E44))),"Verificar nº de série",IF(F44="","Sem IP cadastrado",IF(OR(ISNUMBER(SEARCH("verificar",G44)),ISNUMBER(SEARCH("pegar",G44))),"Verificar PIN",IF(G44="","PIN não informado","OK"))))) -> Impressora local (USB)
A45: 41 | B45: Laticínios | C45: Escritorio Laticinios | D45: M426fdw | E45: BRBSL6M327 | F45: 192.168.118.42 | H45: =IF(OR(ISNUMBER(SEARCH("manual",F45)),ISNUMBER(SEARCH("usb",F45))),"Impressora local (USB)",IF(OR(E45="",ISNUMBER(SEARCH("verificar",E45))),"Verificar nº de série",IF(F45="","Sem IP cadastrado",IF(OR(ISNUMBER(SEARCH("verificar",G45)),ISNUMBER(SEARCH("pegar",G45))),"Verificar PIN",IF(G45="","PIN não informado","OK"))))) -> PIN não informado
A46: 42 | B46: Laticínios | C46: FISCALIZAÇÃO LATICINIOS | D46: HP 428 | E46: BRDSR1R0GR | F46: 192.168.118.177 | H46: =IF(OR(ISNUMBER(SEARCH("manual",F46)),ISNUMBER(SEARCH("usb",F46))),"Impressora local (USB)",IF(OR(E46="",ISNUMBER(SEARCH("verificar",E46))),"Verificar nº de série",IF(F46="","Sem IP cadastrado",IF(OR(ISNUMBER(SEARCH("verificar",G46)),ISNUMBER(SEARCH("pegar",G46))),"Verificar PIN",IF(G46="","PIN não informado","OK"))))) -> PIN não informado
A47: 43 | B47: Fábrica | C47: Fabrica | D47: P3015 | E47: BRBSD6CK3H | F47: 192.168.112.56 | H47: =IF(OR(ISNUMBER(SEARCH("manual",F47)),ISNUMBER(SEARCH("usb",F47))),"Impressora local (USB)",IF(OR(E47="",ISNUMBER(SEARCH("verificar",E47))),"Verificar nº de série",IF(F47="","Sem IP cadastrado",IF(OR(ISNUMBER(SEARCH("verificar",G47)),ISNUMBER(SEARCH("pegar",G47))),"Verificar PIN",IF(G47="","PIN não informado","OK"))))) -> PIN não informado
A48: 44 | B48: Fábrica | C48: Fabrica Almoxarifado | D48: HP 426 Fdw | E48: BRBSL6M321 | F48: 192.168.118.53 | H48: =IF(OR(ISNUMBER(SEARCH("manual",F48)),ISNUMBER(SEARCH("usb",F48))),"Impressora local (USB)",IF(OR(E48="",ISNUMBER(SEARCH("verificar",E48))),"Verificar nº de série",IF(F48="","Sem IP cadastrado",IF(OR(ISNUMBER(SEARCH("verificar",G48)),ISNUMBER(SEARCH("pegar",G48))),"Verificar PIN",IF(G48="","PIN não informado","OK"))))) -> PIN não informado
A49: 45 | B49: Fábrica | C49: Fabrica Anderson | D49: HP laser 200 | E49: BRBSFCPVJP | F49: 192.168.118.57 | H49: =IF(OR(ISNUMBER(SEARCH("manual",F49)),ISNUMBER(SEARCH("usb",F49))),"Impressora local (USB)",IF(OR(E49="",ISNUMBER(SEARCH("verificar",E49))),"Verificar nº de série",IF(F49="","Sem IP cadastrado",IF(OR(ISNUMBER(SEARCH("verificar",G49)),ISNUMBER(SEARCH("pegar",G49))),"Verificar PIN",IF(G49="","PIN não informado","OK"))))) -> PIN não informado
A50: 46 | B50: Fábrica | C50: Fabrica Balança Escritorio | D50: HP LJ Pro MFP 4103 | E50: BRBSSBF0F1 | F50: 192.168.118.50 | G50: 92468001 | H50: =IF(OR(ISNUMBER(SEARCH("manual",F50)),ISNUMBER(SEARCH("usb",F50))),"Impressora local (USB)",IF(OR(E50="",ISNUMBER(SEARCH("verificar",E50))),"Verificar nº de série",IF(F50="","Sem IP cadastrado",IF(OR(ISNUMBER(SEARCH("verificar",G50)),ISNUMBER(SEARCH("pegar",G50))),"Verificar PIN",IF(G50="","PIN não informado","OK"))))) -> OK
A51: 47 | B51: Fábrica | C51: Fabrica Balança Granel | D51: HP 4103 Fdw | E51: BRBSR6P0FS | F51: 192.168.118.217 | G51: Verificar | H51: =IF(OR(ISNUMBER(SEARCH("manual",F51)),ISNUMBER(SEARCH("usb",F51))),"Impressora local (USB)",IF(OR(E51="",ISNUMBER(SEARCH("verificar",E51))),"Verificar nº de série",IF(F51="","Sem IP cadastrado",IF(OR(ISNUMBER(SEARCH("verificar",G51)),ISNUMBER(SEARCH("pegar",G51))),"Verificar PIN",IF(G51="","PIN não informado","OK"))))) -> Verificar PIN
A52: 48 | B52: Fábrica | C52: Fabrica Classificação | D52: HP 428 Fdw | E52: BRDSP3RVM1 | F52: 192.168.118.58 | H52: =IF(OR(ISNUMBER(SEARCH("manual",F52)),ISNUMBER(SEARCH("usb",F52))),"Impressora local (USB)",IF(OR(E52="",ISNUMBER(SEARCH("verificar",E52))),"Verificar nº de série",IF(F52="","Sem IP cadastrado",IF(OR(ISNUMBER(SEARCH("verificar",G52)),ISNUMBER(SEARCH("pegar",G52))),"Verificar PIN",IF(G52="","PIN não informado","OK"))))) -> PIN não informado
A53: 49 | B53: Fábrica | C53: Fabrica Elias | D53: Hp 428 fdw | E53: BRDSNDYFTF | F53: 192.168.118.47 | H53: =IF(OR(ISNUMBER(SEARCH("manual",F53)),ISNUMBER(SEARCH("usb",F53))),"Impressora local (USB)",IF(OR(E53="",ISNUMBER(SEARCH("verificar",E53))),"Verificar nº de série",IF(F53="","Sem IP cadastrado",IF(OR(ISNUMBER(SEARCH("verificar",G53)),ISNUMBER(SEARCH("pegar",G53))),"Verificar PIN",IF(G53="","PIN não informado","OK"))))) -> PIN não informado
A54: 50 | B54: Fábrica | C54: Fabrica Escritorio Simone | D54: HP LaserJet MFP M426fdw | E54: BRBSHBP6Z9 | F54: 192.168.118.145 | H54: =IF(OR(ISNUMBER(SEARCH("manual",F54)),ISNUMBER(SEARCH("usb",F54))),"Impressora local (USB)",IF(OR(E54="",ISNUMBER(SEARCH("verificar",E54))),"Verificar nº de série",IF(F54="","Sem IP cadastrado",IF(OR(ISNUMBER(SEARCH("verificar",G54)),ISNUMBER(SEARCH("pegar",G54))),"Verificar PIN",IF(G54="","PIN não informado","OK"))))) -> PIN não informado
A55: 51 | B55: Fábrica | C55: Fabrica Laboratório | D55: HP Laser Jet Sun | E55: CNF8H4WHG2 | F55: 192.168.118.55 | H55: =IF(OR(ISNUMBER(SEARCH("manual",F55)),ISNUMBER(SEARCH("usb",F55))),"Impressora local (USB)",IF(OR(E55="",ISNUMBER(SEARCH("verificar",E55))),"Verificar nº de série",IF(F55="","Sem IP cadastrado",IF(OR(ISNUMBER(SEARCH("verificar",G55)),ISNUMBER(SEARCH("pegar",G55))),"Verificar PIN",IF(G55="","PIN não informado","OK"))))) -> PIN não informado
A56: 52 | B56: Fábrica | C56: Fabrica Lidyane | D56: HP 4103 Fdw | E56: BRBSSBS03P | F56: 192.168.118.51 | G56: 99253758 | H56: =IF(OR(ISNUMBER(SEARCH("manual",F56)),ISNUMBER(SEARCH("usb",F56))),"Impressora local (USB)",IF(OR(E56="",ISNUMBER(SEARCH("verificar",E56))),"Verificar nº de série",IF(F56="","Sem IP cadastrado",IF(OR(ISNUMBER(SEARCH("verificar",G56)),ISNUMBER(SEARCH("pegar",G56))),"Verificar PIN",IF(G56="","PIN não informado","OK"))))) -> OK
A57: 53 | B57: Fábrica | C57: Fabrica Oficina Elétrica | D57: Hp M426fdw | E57: BRBSJ8H73R | F57: 192.168.118.49 | H57: =IF(OR(ISNUMBER(SEARCH("manual",F57)),ISNUMBER(SEARCH("usb",F57))),"Impressora local (USB)",IF(OR(E57="",ISNUMBER(SEARCH("verificar",E57))),"Verificar nº de série",IF(F57="","Sem IP cadastrado",IF(OR(ISNUMBER(SEARCH("verificar",G57)),ISNUMBER(SEARCH("pegar",G57))),"Verificar PIN",IF(G57="","PIN não informado","OK"))))) -> PIN não informado
A58: 54 | B58: Fábrica | C58: Fabrica Portaria | D58: Hp 3015 | E58: BRCSG2F017 | F58: 192.168.118.80 | H58: =IF(OR(ISNUMBER(SEARCH("manual",F58)),ISNUMBER(SEARCH("usb",F58))),"Impressora local (USB)",IF(OR(E58="",ISNUMBER(SEARCH("verificar",E58))),"Verificar nº de série",IF(F58="","Sem IP cadastrado",IF(OR(ISNUMBER(SEARCH("verificar",G58)),ISNUMBER(SEARCH("pegar",G58))),"Verificar PIN",IF(G58="","PIN não informado","OK"))))) -> PIN não informado
A59: 55 | B59: Fábrica | C59: Fabrica RH | D59: HP 426 Fdw | E59: BRBSL4DMYQ | F59: 192.168.118.54 | H59: =IF(OR(ISNUMBER(SEARCH("manual",F59)),ISNUMBER(SEARCH("usb",F59))),"Impressora local (USB)",IF(OR(E59="",ISNUMBER(SEARCH("verificar",E59))),"Verificar nº de série",IF(F59="","Sem IP cadastrado",IF(OR(ISNUMBER(SEARCH("verificar",G59)),ISNUMBER(SEARCH("pegar",G59))),"Verificar PIN",IF(G59="","PIN não informado","OK"))))) -> PIN não informado
A60: 56 | B60: Fábrica | C60: Fabrica Recepção Simone | D60: HP 4103 Fdw | E60: BRBSS1C0KZ | F60: 192.168.118.56 | G60: 93689844 | H60: =IF(OR(ISNUMBER(SEARCH("manual",F60)),ISNUMBER(SEARCH("usb",F60))),"Impressora local (USB)",IF(OR(E60="",ISNUMBER(SEARCH("verificar",E60))),"Verificar nº de série",IF(F60="","Sem IP cadastrado",IF(OR(ISNUMBER(SEARCH("verificar",G60)),ISNUMBER(SEARCH("pegar",G60))),"Verificar PIN",IF(G60="","PIN não informado","OK"))))) -> OK
A61: 57 | B61: Fábrica | C61: Fabrica Sala Washigton Gerente | D61: Hp 428 fdw | E61: BRDSQDF0NR | F61: 192.168.118.78 | G61: Verificar | H61: =IF(OR(ISNUMBER(SEARCH("manual",F61)),ISNUMBER(SEARCH("usb",F61))),"Impressora local (USB)",IF(OR(E61="",ISNUMBER(SEARCH("verificar",E61))),"Verificar nº de série",IF(F61="","Sem IP cadastrado",IF(OR(ISNUMBER(SEARCH("verificar",G61)),ISNUMBER(SEARCH("pegar",G61))),"Verificar PIN",IF(G61="","PIN não informado","OK"))))) -> Verificar PIN
A62: 58 | B62: Fábrica | C62: Fabrica Sala de comando | D62: HP 428 Fdw | E62: BRDSQDF0F3 | F62: 192.168.118.52 | H62: =IF(OR(ISNUMBER(SEARCH("manual",F62)),ISNUMBER(SEARCH("usb",F62))),"Impressora local (USB)",IF(OR(E62="",ISNUMBER(SEARCH("verificar",E62))),"Verificar nº de série",IF(F62="","Sem IP cadastrado",IF(OR(ISNUMBER(SEARCH("verificar",G62)),ISNUMBER(SEARCH("pegar",G62))),"Verificar PIN",IF(G62="","PIN não informado","OK"))))) -> PIN não informado
A63: 59 | B63: Fábrica | C63: Fabrica Sala representantes | D63: Hp Lazer Jet 400 | E63: CNB7GCVP14 | F63: 192.168.118.48 | H63: =IF(OR(ISNUMBER(SEARCH("manual",F63)),ISNUMBER(SEARCH("usb",F63))),"Impressora local (USB)",IF(OR(E63="",ISNUMBER(SEARCH("verificar",E63))),"Verificar nº de série",IF(F63="","Sem IP cadastrado",IF(OR(ISNUMBER(SEARCH("verificar",G63)),ISNUMBER(SEARCH("pegar",G63))),"Verificar PIN",IF(G63="","PIN não informado","OK"))))) -> PIN não informado
A64: 60 | B64: Fábrica | C64: Fabrica Segurança do Trabalho | D64: M521dn | E64: CNB7G724Z0 | F64: 192.168.118.215 | H64: =IF(OR(ISNUMBER(SEARCH("manual",F64)),ISNUMBER(SEARCH("usb",F64))),"Impressora local (USB)",IF(OR(E64="",ISNUMBER(SEARCH("verificar",E64))),"Verificar nº de série",IF(F64="","Sem IP cadastrado",IF(OR(ISNUMBER(SEARCH("verificar",G64)),ISNUMBER(SEARCH("pegar",G64))),"Verificar PIN",IF(G64="","PIN não informado","OK"))))) -> PIN não informado
A65: 61 | B65: Natalândia | C65: Natalândia | D65: HP 426 | E65: BRBSJ6670P | F65: 192.168.121.35 | H65: =IF(OR(ISNUMBER(SEARCH("manual",F65)),ISNUMBER(SEARCH("usb",F65))),"Impressora local (USB)",IF(OR(E65="",ISNUMBER(SEARCH("verificar",E65))),"Verificar nº de série",IF(F65="","Sem IP cadastrado",IF(OR(ISNUMBER(SEARCH("verificar",G65)),ISNUMBER(SEARCH("pegar",G65))),"Verificar PIN",IF(G65="","PIN não informado","OK"))))) -> PIN não informado
A66: 62 | B66: Natalândia | C66: Natalândia AGV normal 01 | D66: HP 4003 Dw | E66: BRBSR6P0GJ | F66: 192.168.121.36 | G66: 65637909 | H66: =IF(OR(ISNUMBER(SEARCH("manual",F66)),ISNUMBER(SEARCH("usb",F66))),"Impressora local (USB)",IF(OR(E66="",ISNUMBER(SEARCH("verificar",E66))),"Verificar nº de série",IF(F66="","Sem IP cadastrado",IF(OR(ISNUMBER(SEARCH("verificar",G66)),ISNUMBER(SEARCH("pegar",G66))),"Verificar PIN",IF(G66="","PIN não informado","OK"))))) -> OK
A67: 63 | B67: Natalândia | C67: Natalândia AGV normal 02 | D67: HP 4003 Dw | E67: BRBSQ7S0NM | F67: 192.168.121.37 | G67: 67148068 | H67: =IF(OR(ISNUMBER(SEARCH("manual",F67)),ISNUMBER(SEARCH("usb",F67))),"Impressora local (USB)",IF(OR(E67="",ISNUMBER(SEARCH("verificar",E67))),"Verificar nº de série",IF(F67="","Sem IP cadastrado",IF(OR(ISNUMBER(SEARCH("verificar",G67)),ISNUMBER(SEARCH("pegar",G67))),"Verificar PIN",IF(G67="","PIN não informado","OK"))))) -> OK
A68: 64 | B68: Riachinho | C68: Riachinho AGV normal 01 | D68: HP 4003 Dw | E68: BRBSR6P0F8 | F68: 192.168.127.35 | G68: 65545428 | H68: =IF(OR(ISNUMBER(SEARCH("manual",F68)),ISNUMBER(SEARCH("usb",F68))),"Impressora local (USB)",IF(OR(E68="",ISNUMBER(SEARCH("verificar",E68))),"Verificar nº de série",IF(F68="","Sem IP cadastrado",IF(OR(ISNUMBER(SEARCH("verificar",G68)),ISNUMBER(SEARCH("pegar",G68))),"Verificar PIN",IF(G68="","PIN não informado","OK"))))) -> OK
A69: 65 | B69: Riachinho | C69: Riachinho AGV normal 02 | D69: HP 4003 Dw | E69: BRBSRBL068 | F69: 192.168.127.34 | G69: 99128754 | H69: =IF(OR(ISNUMBER(SEARCH("manual",F69)),ISNUMBER(SEARCH("usb",F69))),"Impressora local (USB)",IF(OR(E69="",ISNUMBER(SEARCH("verificar",E69))),"Verificar nº de série",IF(F69="","Sem IP cadastrado",IF(OR(ISNUMBER(SEARCH("verificar",G69)),ISNUMBER(SEARCH("pegar",G69))),"Verificar PIN",IF(G69="","PIN não informado","OK"))))) -> OK
A70: 66 | B70: Riachinho | C70: Riachinho Sala Nota fundo | D70: Hp laserJet 400 | E70: CNF8H4WJHC | F70: 192.168.127.38 | H70: =IF(OR(ISNUMBER(SEARCH("manual",F70)),ISNUMBER(SEARCH("usb",F70))),"Impressora local (USB)",IF(OR(E70="",ISNUMBER(SEARCH("verificar",E70))),"Verificar nº de série",IF(F70="","Sem IP cadastrado",IF(OR(ISNUMBER(SEARCH("verificar",G70)),ISNUMBER(SEARCH("pegar",G70))),"Verificar PIN",IF(G70="","PIN não informado","OK"))))) -> PIN não informado
A71: 67 | B71: Riachinho | C71: Riachinho Sala Patricia | D71: HP 426 | E71: BRBSM4J77Z | F71: 192.168.127.36 | H71: =IF(OR(ISNUMBER(SEARCH("manual",F71)),ISNUMBER(SEARCH("usb",F71))),"Impressora local (USB)",IF(OR(E71="",ISNUMBER(SEARCH("verificar",E71))),"Verificar nº de série",IF(F71="","Sem IP cadastrado",IF(OR(ISNUMBER(SEARCH("verificar",G71)),ISNUMBER(SEARCH("pegar",G71))),"Verificar PIN",IF(G71="","PIN não informado","OK"))))) -> PIN não informado
A72: 68 | B72: Riachinho | C72: Riachinho reserva | F72: 192.168.127.37 | G72: (reserva) | H72: =IF(OR(ISNUMBER(SEARCH("manual",F72)),ISNUMBER(SEARCH("usb",F72))),"Impressora local (USB)",IF(OR(E72="",ISNUMBER(SEARCH("verificar",E72))),"Verificar nº de série",IF(F72="","Sem IP cadastrado",IF(OR(ISNUMBER(SEARCH("verificar",G72)),ISNUMBER(SEARCH("pegar",G72))),"Verificar PIN",IF(G72="","PIN não informado","OK"))))) -> Verificar nº de série
A73: 69 | B73: Rural Minas | C73: Rural Minas - Contingencia | D73: HP 426 Fdw | E73: BRDSP3HKPY | F73: 192.168.136.35 | H73: =IF(OR(ISNUMBER(SEARCH("manual",F73)),ISNUMBER(SEARCH("usb",F73))),"Impressora local (USB)",IF(OR(E73="",ISNUMBER(SEARCH("verificar",E73))),"Verificar nº de série",IF(F73="","Sem IP cadastrado",IF(OR(ISNUMBER(SEARCH("verificar",G73)),ISNUMBER(SEARCH("pegar",G73))),"Verificar PIN",IF(G73="","PIN não informado","OK"))))) -> PIN não informado
A74: 70 | B74: Rural Minas | C74: Rural Minas Reserva | D74: HP 3015 | E74: BRCSG27029 | F74: 192.168.136.36 | G74: RESERVA | H74: =IF(OR(ISNUMBER(SEARCH("manual",F74)),ISNUMBER(SEARCH("usb",F74))),"Impressora local (USB)",IF(OR(E74="",ISNUMBER(SEARCH("verificar",E74))),"Verificar nº de série",IF(F74="","Sem IP cadastrado",IF(OR(ISNUMBER(SEARCH("verificar",G74)),ISNUMBER(SEARCH("pegar",G74))),"Verificar PIN",IF(G74="","PIN não informado","OK"))))) -> OK
A75: 71 | B75: Rural Minas | C75: Rural Minas normal 01 | D75: HP 4003 Dw | E75: BRBSRBL06Q | F75: 192.168.136.37 | G75: 99138892 | H75: =IF(OR(ISNUMBER(SEARCH("manual",F75)),ISNUMBER(SEARCH("usb",F75))),"Impressora local (USB)",IF(OR(E75="",ISNUMBER(SEARCH("verificar",E75))),"Verificar nº de série",IF(F75="","Sem IP cadastrado",IF(OR(ISNUMBER(SEARCH("verificar",G75)),ISNUMBER(SEARCH("pegar",G75))),"Verificar PIN",IF(G75="","PIN não informado","OK"))))) -> OK
A76: 72 | B76: Unaí | C76: Hospital M. Doação | D76: Epson Eco tank | E76: X5EU092132 | G76: Manual | H76: =IF(OR(ISNUMBER(SEARCH("manual",F76)),ISNUMBER(SEARCH("usb",F76))),"Impressora local (USB)",IF(OR(E76="",ISNUMBER(SEARCH("verificar",E76))),"Verificar nº de série",IF(F76="","Sem IP cadastrado",IF(OR(ISNUMBER(SEARCH("verificar",G76)),ISNUMBER(SEARCH("pegar",G76))),"Verificar PIN",IF(G76="","PIN não informado","OK"))))) -> Sem IP cadastrado
A77: 73 | B77: Unaí | C77: Marcelino | D77: HP 4103fdw | E77: BRBSV1V0KN | F77: 172.16.10.80 | G77: 58042722 | H77: =IF(OR(ISNUMBER(SEARCH("manual",F77)),ISNUMBER(SEARCH("usb",F77))),"Impressora local (USB)",IF(OR(E77="",ISNUMBER(SEARCH("verificar",E77))),"Verificar nº de série",IF(F77="","Sem IP cadastrado",IF(OR(ISNUMBER(SEARCH("verificar",G77)),ISNUMBER(SEARCH("pegar",G77))),"Verificar PIN",IF(G77="","PIN não informado","OK"))))) -> OK
A78: 74 | B78: Unaí | C78: Unaí AGV Conf caixas | D78: Hp 3015 | E78: BRBFD3PC9K | F78: 172.16.12.250 | H78: =IF(OR(ISNUMBER(SEARCH("manual",F78)),ISNUMBER(SEARCH("usb",F78))),"Impressora local (USB)",IF(OR(E78="",ISNUMBER(SEARCH("verificar",E78))),"Verificar nº de série",IF(F78="","Sem IP cadastrado",IF(OR(ISNUMBER(SEARCH("verificar",G78)),ISNUMBER(SEARCH("pegar",G78))),"Verificar PIN",IF(G78="","PIN não informado","OK"))))) -> PIN não informado
A79: 75 | B79: Unaí | C79: Unaí AGV Normal 01 | D79: HP 4003 Dw | E79: BRBSQ7S0NP | F79: 172.16.12.244 | G79: 21624835 | H79: =IF(OR(ISNUMBER(SEARCH("manual",F79)),ISNUMBER(SEARCH("usb",F79))),"Impressora local (USB)",IF(OR(E79="",ISNUMBER(SEARCH("verificar",E79))),"Verificar nº de série",IF(F79="","Sem IP cadastrado",IF(OR(ISNUMBER(SEARCH("verificar",G79)),ISNUMBER(SEARCH("pegar",G79))),"Verificar PIN",IF(G79="","PIN não informado","OK"))))) -> OK
A80: 76 | B80: Unaí | C80: Unaí AGV Normal 02 | D80: HP 4003 Dw | E80: BRBSRBL02G | F80: 172.16.12.245 | G80: 98910612 | H80: =IF(OR(ISNUMBER(SEARCH("manual",F80)),ISNUMBER(SEARCH("usb",F80))),"Impressora local (USB)",IF(OR(E80="",ISNUMBER(SEARCH("verificar",E80))),"Verificar nº de série",IF(F80="","Sem IP cadastrado",IF(OR(ISNUMBER(SEARCH("verificar",G80)),ISNUMBER(SEARCH("pegar",G80))),"Verificar PIN",IF(G80="","PIN não informado","OK"))))) -> OK
A81: 77 | B81: Unaí | C81: Unaí AGV Normal 03 | D81: HP 4003 Dw | E81: BRBSQ7S0WD | F81: 172.16.12.246 | G81: 21914232 | H81: =IF(OR(ISNUMBER(SEARCH("manual",F81)),ISNUMBER(SEARCH("usb",F81))),"Impressora local (USB)",IF(OR(E81="",ISNUMBER(SEARCH("verificar",E81))),"Verificar nº de série",IF(F81="","Sem IP cadastrado",IF(OR(ISNUMBER(SEARCH("verificar",G81)),ISNUMBER(SEARCH("pegar",G81))),"Verificar PIN",IF(G81="","PIN não informado","OK"))))) -> OK
A82: 78 | B82: Unaí | C82: Unaí AGV Normal 04 | D82: HP 4003 Dw | E82: BRBSRBL0C0 | F82: 172.16.12.247 | G82: 10304792 | H82: =IF(OR(ISNUMBER(SEARCH("manual",F82)),ISNUMBER(SEARCH("usb",F82))),"Impressora local (USB)",IF(OR(E82="",ISNUMBER(SEARCH("verificar",E82))),"Verificar nº de série",IF(F82="","Sem IP cadastrado",IF(OR(ISNUMBER(SEARCH("verificar",G82)),ISNUMBER(SEARCH("pegar",G82))),"Verificar PIN",IF(G82="","PIN não informado","OK"))))) -> OK
A83: 79 | B83: Unaí | C83: Unaí AGV Normal 05 | D83: HP 4003 Dw | E83: BRBSRBL071 | F83: 172.16.12.248 | G83: 99147736 | H83: =IF(OR(ISNUMBER(SEARCH("manual",F83)),ISNUMBER(SEARCH("usb",F83))),"Impressora local (USB)",IF(OR(E83="",ISNUMBER(SEARCH("verificar",E83))),"Verificar nº de série",IF(F83="","Sem IP cadastrado",IF(OR(ISNUMBER(SEARCH("verificar",G83)),ISNUMBER(SEARCH("pegar",G83))),"Verificar PIN",IF(G83="","PIN não informado","OK"))))) -> OK
A84: 80 | B84: Unaí | C84: Unaí AGV Tele Vendas | D84: HP 428 Fdw | E84: BRDSQCH00Q | F84: 172.16.12.251 | H84: =IF(OR(ISNUMBER(SEARCH("manual",F84)),ISNUMBER(SEARCH("usb",F84))),"Impressora local (USB)",IF(OR(E84="",ISNUMBER(SEARCH("verificar",E84))),"Verificar nº de série",IF(F84="","Sem IP cadastrado",IF(OR(ISNUMBER(SEARCH("verificar",G84)),ISNUMBER(SEARCH("pegar",G84))),"Verificar PIN",IF(G84="","PIN não informado","OK"))))) -> PIN não informado
A85: 81 | B85: Unaí | C85: Unaí AGV balcão | D85: HP 3015 | E85: BRBFC4YC0L | F85: 172.16.12.249 | H85: =IF(OR(ISNUMBER(SEARCH("manual",F85)),ISNUMBER(SEARCH("usb",F85))),"Impressora local (USB)",IF(OR(E85="",ISNUMBER(SEARCH("verificar",E85))),"Verificar nº de série",IF(F85="","Sem IP cadastrado",IF(OR(ISNUMBER(SEARCH("verificar",G85)),ISNUMBER(SEARCH("pegar",G85))),"Verificar PIN",IF(G85="","PIN não informado","OK"))))) -> PIN não informado
A86: 82 | B86: Unaí | C86: Unaí Almoxarifado 01 | D86: HP LaserJet 400 MFP M425dnn | E86: CNF8GDH49F | F86: 172.16.6.240 | H86: =IF(OR(ISNUMBER(SEARCH("manual",F86)),ISNUMBER(SEARCH("usb",F86))),"Impressora local (USB)",IF(OR(E86="",ISNUMBER(SEARCH("verificar",E86))),"Verificar nº de série",IF(F86="","Sem IP cadastrado",IF(OR(ISNUMBER(SEARCH("verificar",G86)),ISNUMBER(SEARCH("pegar",G86))),"Verificar PIN",IF(G86="","PIN não informado","OK"))))) -> PIN não informado
A87: 83 | B87: Unaí | C87: Unaí Almoxarifado 02 | D87: HP M426fdw | E87: BRBSJ3F7GG | F87: 172.16.1.245 | H87: =IF(OR(ISNUMBER(SEARCH("manual",F87)),ISNUMBER(SEARCH("usb",F87))),"Impressora local (USB)",IF(OR(E87="",ISNUMBER(SEARCH("verificar",E87))),"Verificar nº de série",IF(F87="","Sem IP cadastrado",IF(OR(ISNUMBER(SEARCH("verificar",G87)),ISNUMBER(SEARCH("pegar",G87))),"Verificar PIN",IF(G87="","PIN não informado","OK"))))) -> PIN não informado
A88: 84 | B88: Unaí | C88: Unaí Auditoria Contingen. | D88: DCP-L5652DN | F88: 172.16.1.5 | G88: (manual) | H88: =IF(OR(ISNUMBER(SEARCH("manual",F88)),ISNUMBER(SEARCH("usb",F88))),"Impressora local (USB)",IF(OR(E88="",ISNUMBER(SEARCH("verificar",E88))),"Verificar nº de série",IF(F88="","Sem IP cadastrado",IF(OR(ISNUMBER(SEARCH("verificar",G88)),ISNUMBER(SEARCH("pegar",G88))),"Verificar PIN",IF(G88="","PIN não informado","OK"))))) -> Verificar nº de série
A89: 85 | B89: Unaí | C89: Unaí Cadastro | D89: HP 428 | E89: BRDSNDB73X | F89: 172.16.10.240 | H89: =IF(OR(ISNUMBER(SEARCH("manual",F89)),ISNUMBER(SEARCH("usb",F89))),"Impressora local (USB)",IF(OR(E89="",ISNUMBER(SEARCH("verificar",E89))),"Verificar nº de série",IF(F89="","Sem IP cadastrado",IF(OR(ISNUMBER(SEARCH("verificar",G89)),ISNUMBER(SEARCH("pegar",G89))),"Verificar PIN",IF(G89="","PIN não informado","OK"))))) -> PIN não informado
A90: 86 | B90: Unaí | C90: Unaí Caixa posto 01 | D90: HP 3015 | E90: BRBFD3FC41 | F90: USB- MANUAL | H90: =IF(OR(ISNUMBER(SEARCH("manual",F90)),ISNUMBER(SEARCH("usb",F90))),"Impressora local (USB)",IF(OR(E90="",ISNUMBER(SEARCH("verificar",E90))),"Verificar nº de série",IF(F90="","Sem IP cadastrado",IF(OR(ISNUMBER(SEARCH("verificar",G90)),ISNUMBER(SEARCH("pegar",G90))),"Verificar PIN",IF(G90="","PIN não informado","OK"))))) -> Impressora local (USB)
A91: 87 | B91: Unaí | C91: Unaí Caixa posto 02 | D91: HP 2035 | E91: BRBSF6N05P | F91: USB- MANUAL | H91: =IF(OR(ISNUMBER(SEARCH("manual",F91)),ISNUMBER(SEARCH("usb",F91))),"Impressora local (USB)",IF(OR(E91="",ISNUMBER(SEARCH("verificar",E91))),"Verificar nº de série",IF(F91="","Sem IP cadastrado",IF(OR(ISNUMBER(SEARCH("verificar",G91)),ISNUMBER(SEARCH("pegar",G91))),"Verificar PIN",IF(G91="","PIN não informado","OK"))))) -> Impressora local (USB)
A92: 88 | B92: Unaí | C92: Unaí Caixa posto 03 | D92: HP 2035 | E92: BRBSF2W01T | F92: USB- MANUAL | H92: =IF(OR(ISNUMBER(SEARCH("manual",F92)),ISNUMBER(SEARCH("usb",F92))),"Impressora local (USB)",IF(OR(E92="",ISNUMBER(SEARCH("verificar",E92))),"Verificar nº de série",IF(F92="","Sem IP cadastrado",IF(OR(ISNUMBER(SEARCH("verificar",G92)),ISNUMBER(SEARCH("pegar",G92))),"Verificar PIN",IF(G92="","PIN não informado","OK"))))) -> Impressora local (USB)
A93: 89 | B93: Unaí | C93: Unaí Comunicação | D93: Epson ECOTANK | E93: XAABP84343 | F93: USB (MANUAL) | H93: =IF(OR(ISNUMBER(SEARCH("manual",F93)),ISNUMBER(SEARCH("usb",F93))),"Impressora local (USB)",IF(OR(E93="",ISNUMBER(SEARCH("verificar",E93))),"Verificar nº de série",IF(F93="","Sem IP cadastrado",IF(OR(ISNUMBER(SEARCH("verificar",G93)),ISNUMBER(SEARCH("pegar",G93))),"Verificar PIN",IF(G93="","PIN não informado","OK"))))) -> Impressora local (USB)
A94: 90 | B94: Unaí | C94: Unaí Contabilidade 01 | D94: HP MFP M428fdw | E94: BRDSNDYGKM | F94: 172.16.12.240 | H94: =IF(OR(ISNUMBER(SEARCH("manual",F94)),ISNUMBER(SEARCH("usb",F94))),"Impressora local (USB)",IF(OR(E94="",ISNUMBER(SEARCH("verificar",E94))),"Verificar nº de série",IF(F94="","Sem IP cadastrado",IF(OR(ISNUMBER(SEARCH("verificar",G94)),ISNUMBER(SEARCH("pegar",G94))),"Verificar PIN",IF(G94="","PIN não informado","OK"))))) -> PIN não informado
A95: 91 | B95: Unaí | C95: Unaí Contabilidade 02 | D95: HP 3015 | E95: BRBHBD076Q | F95: 172.16.11.241 | H95: =IF(OR(ISNUMBER(SEARCH("manual",F95)),ISNUMBER(SEARCH("usb",F95))),"Impressora local (USB)",IF(OR(E95="",ISNUMBER(SEARCH("verificar",E95))),"Verificar nº de série",IF(F95="","Sem IP cadastrado",IF(OR(ISNUMBER(SEARCH("verificar",G95)),ISNUMBER(SEARCH("pegar",G95))),"Verificar PIN",IF(G95="","PIN não informado","OK"))))) -> PIN não informado
A96: 92 | B96: Unaí | C96: Unaí Controladoria | D96: HP4103 Fdw | E96: BRBSQ9F0BR | F96: 172.16.1.238 | G96: 60057273 | H96: =IF(OR(ISNUMBER(SEARCH("manual",F96)),ISNUMBER(SEARCH("usb",F96))),"Impressora local (USB)",IF(OR(E96="",ISNUMBER(SEARCH("verificar",E96))),"Verificar nº de série",IF(F96="","Sem IP cadastrado",IF(OR(ISNUMBER(SEARCH("verificar",G96)),ISNUMBER(SEARCH("pegar",G96))),"Verificar PIN",IF(G96="","PIN não informado","OK"))))) -> OK
A97: 93 | B97: Unaí | C97: Unaí Controle Patrimonial | D97: HP 428 Fdw | E97: BRDSQC908V | F97: 172.16.1.248 | H97: =IF(OR(ISNUMBER(SEARCH("manual",F97)),ISNUMBER(SEARCH("usb",F97))),"Impressora local (USB)",IF(OR(E97="",ISNUMBER(SEARCH("verificar",E97))),"Verificar nº de série",IF(F97="","Sem IP cadastrado",IF(OR(ISNUMBER(SEARCH("verificar",G97)),ISNUMBER(SEARCH("pegar",G97))),"Verificar PIN",IF(G97="","PIN não informado","OK"))))) -> PIN não informado
A98: 94 | B98: Unaí | C98: Unaí Controle Patrimonial | D98: HP 428 Fdw | E98: BRDSQBM0FC | F98: 172.16.1.237 | H98: =IF(OR(ISNUMBER(SEARCH("manual",F98)),ISNUMBER(SEARCH("usb",F98))),"Impressora local (USB)",IF(OR(E98="",ISNUMBER(SEARCH("verificar",E98))),"Verificar nº de série",IF(F98="","Sem IP cadastrado",IF(OR(ISNUMBER(SEARCH("verificar",G98)),ISNUMBER(SEARCH("pegar",G98))),"Verificar PIN",IF(G98="","PIN não informado","OK"))))) -> PIN não informado
A99: 95 | B99: Unaí | C99: Unaí Dep. AGV | D99: HP 428 | E99: BRDSNDYGKM | F99: 172.16.12.240 | H99: =IF(OR(ISNUMBER(SEARCH("manual",F99)),ISNUMBER(SEARCH("usb",F99))),"Impressora local (USB)",IF(OR(E99="",ISNUMBER(SEARCH("verificar",E99))),"Verificar nº de série",IF(F99="","Sem IP cadastrado",IF(OR(ISNUMBER(SEARCH("verificar",G99)),ISNUMBER(SEARCH("pegar",G99))),"Verificar PIN",IF(G99="","PIN não informado","OK"))))) -> PIN não informado
A100: 96 | B100: Unaí | C100: Unaí Dep. AGV Transfe. | D100: HP 426FDW | E100: BRBSKC284X | F100: 172.16.12.252 | H100: =IF(OR(ISNUMBER(SEARCH("manual",F100)),ISNUMBER(SEARCH("usb",F100))),"Impressora local (USB)",IF(OR(E100="",ISNUMBER(SEARCH("verificar",E100))),"Verificar nº de série",IF(F100="","Sem IP cadastrado",IF(OR(ISNUMBER(SEARCH("verificar",G100)),ISNUMBER(SEARCH("pegar",G100))),"Verificar PIN",IF(G100="","PIN não informado","OK"))))) -> PIN não informado
A101: 97 | B101: Unaí | C101: Unaí Dep. Ferragens | D101: HP 426 | E101: BRBSHBP6ZJ | F101: 172.16.6.241 | H101: =IF(OR(ISNUMBER(SEARCH("manual",F101)),ISNUMBER(SEARCH("usb",F101))),"Impressora local (USB)",IF(OR(E101="",ISNUMBER(SEARCH("verificar",E101))),"Verificar nº de série",IF(F101="","Sem IP cadastrado",IF(OR(ISNUMBER(SEARCH("verificar",G101)),ISNUMBER(SEARCH("pegar",G101))),"Verificar PIN",IF(G101="","PIN não informado","OK"))))) -> PIN não informado
...

Sheet Dashboard
A1: PAINEL RESUMO
A3: Total de impressoras cadastradas | B3: =COUNTA(Impressoras!C5:C137) -> 133
A5: Filial / Unidade | B5: Qtde. de impressoras | C5: Sem IP | D5: A verificar
A6: Arinos | B6: =COUNTIF(Impressoras!$B$5:$B$137,A6) -> 10 | C6: =COUNTIFS(Impressoras!$B$5:$B$137,A6,Impressoras!$H$5:$H$137,"Sem IP cadastrado") -> 1 | D6: =COUNTIFS(Impressoras!$B$5:$B$137,A6,Impressoras!$H$5:$H$137,"Verificar*") -> 4
A7: Bonfinópolis | B7: =COUNTIF(Impressoras!$B$5:$B$137,A7) -> 4 | C7: =COUNTIFS(Impressoras!$B$5:$B$137,A7,Impressoras!$H$5:$H$137,"Sem IP cadastrado") -> 0 | D7: =COUNTIFS(Impressoras!$B$5:$B$137,A7,Impressoras!$H$5:$H$137,"Verificar*") -> 3
A8: Brasilândia | B8: =COUNTIF(Impressoras!$B$5:$B$137,A8) -> 4 | C8: =COUNTIFS(Impressoras!$B$5:$B$137,A8,Impressoras!$H$5:$H$137,"Sem IP cadastrado") -> 0 | D8: =COUNTIFS(Impressoras!$B$5:$B$137,A8,Impressoras!$H$5:$H$137,"Verificar*") -> 2
A9: Buritis | B9: =COUNTIF(Impressoras!$B$5:$B$137,A9) -> 4 | C9: =COUNTIFS(Impressoras!$B$5:$B$137,A9,Impressoras!$H$5:$H$137,"Sem IP cadastrado") -> 0 | D9: =COUNTIFS(Impressoras!$B$5:$B$137,A9,Impressoras!$H$5:$H$137,"Verificar*") -> 0
A10: Cabeceira Grande | B10: =COUNTIF(Impressoras!$B$5:$B$137,A10) -> 4 | C10: =COUNTIFS(Impressoras!$B$5:$B$137,A10,Impressoras!$H$5:$H$137,"Sem IP cadastrado") -> 0 | D10: =COUNTIFS(Impressoras!$B$5:$B$137,A10,Impressoras!$H$5:$H$137,"Verificar*") -> 1
A11: Chapada | B11: =COUNTIF(Impressoras!$B$5:$B$137,A11) -> 4 | C11: =COUNTIFS(Impressoras!$B$5:$B$137,A11,Impressoras!$H$5:$H$137,"Sem IP cadastrado") -> 0 | D11: =COUNTIFS(Impressoras!$B$5:$B$137,A11,Impressoras!$H$5:$H$137,"Verificar*") -> 0
A12: Dom Bosco | B12: =COUNTIF(Impressoras!$B$5:$B$137,A12) -> 4 | C12: =COUNTIFS(Impressoras!$B$5:$B$137,A12,Impressoras!$H$5:$H$137,"Sem IP cadastrado") -> 0 | D12: =COUNTIFS(Impressoras!$B$5:$B$137,A12,Impressoras!$H$5:$H$137,"Verificar*") -> 1
A13: Fábrica / Laticínios | B13: =COUNTIF(Impressoras!$B$5:$B$137,A13) -> 0 | C13: =COUNTIFS(Impressoras!$B$5:$B$137,A13,Impressoras!$H$5:$H$137,"Sem IP cadastrado") -> 0 | D13: =COUNTIFS(Impressoras!$B$5:$B$137,A13,Impressoras!$H$5:$H$137,"Verificar*") -> 0
A14: Natalândia | B14: =COUNTIF(Impressoras!$B$5:$B$137,A14) -> 3 | C14: =COUNTIFS(Impressoras!$B$5:$B$137,A14,Impressoras!$H$5:$H$137,"Sem IP cadastrado") -> 0 | D14: =COUNTIFS(Impressoras!$B$5:$B$137,A14,Impressoras!$H$5:$H$137,"Verificar*") -> 0
A15: Riachinho | B15: =COUNTIF(Impressoras!$B$5:$B$137,A15) -> 5 | C15: =COUNTIFS(Impressoras!$B$5:$B$137,A15,Impressoras!$H$5:$H$137,"Sem IP cadastrado") -> 0 | D15: =COUNTIFS(Impressoras!$B$5:$B$137,A15,Impressoras!$H$5:$H$137,"Verificar*") -> 1
A16: Rural Minas | B16: =COUNTIF(Impressoras!$B$5:$B$137,A16) -> 3 | C16: =COUNTIFS(Impressoras!$B$5:$B$137,A16,Impressoras!$H$5:$H$137,"Sem IP cadastrado") -> 0 | D16: =COUNTIFS(Impressoras!$B$5:$B$137,A16,Impressoras!$H$5:$H$137,"Verificar*") -> 0
A17: Unaí | B17: =COUNTIF(Impressoras!$B$5:$B$137,A17) -> 51 | C17: =COUNTIFS(Impressoras!$B$5:$B$137,A17,Impressoras!$H$5:$H$137,"Sem IP cadastrado") -> 1 | D17: =COUNTIFS(Impressoras!$B$5:$B$137,A17,Impressoras!$H$5:$H$137,"Verificar*") -> 1
... A20: Xingu Capul | B20: =COUNTIF(Impressoras!$B$5:$B$137,A20) -> 1 | C20: =COUNTIFS(Impressoras!$B$5:$B$137,A20,Impressoras!$H$5:$H$137,"Sem IP cadastrado") -> 0 | D20: =COUNTIFS(Impressoras!$B$5:$B$137,A20,Impressoras!$H$5:$H$137,"Verificar*") -> 0
A22: Status | B22: Quantidade
A23: OK | B23: =COUNTIF(Impressoras!$H$5:$H$137,A23) -> 43
A24: Sem IP cadastrado | B24: =COUNTIF(Impressoras!$H$5:$H$137,A24) -> 2
A25: Verificar nº de série | B25: =COUNTIF(Impressoras!$H$5:$H$137,A25) -> 9
A26: Verificar PIN | B26: =COUNTIF(Impressoras!$H$5:$H$137,A26) -> 9
A27: PIN não informado | B27: =COUNTIF(Impressoras!$H$5:$H$137,A27) -> 62
A28: Impressora local (USB) | B28: =COUNTIF(Impressoras!$H$5:$H$137,A28) -> 8

Sheet Como Automatizar
A1: COMO AUTOMATIZAR E TRANSFORMAR ISSO EM UM SITE
A3: 1. Padronize a coleta | B3: Sempre preencha Filial, Setor, Modelo, Nº de Série, IP e PIN. Sem esses 6 campos, nenhuma automação funciona bem.
A5: 2. Valide o IP automaticamente | B5: A coluna "Status" já usa fórmulas para sinalizar IP ausente, PIN pendente ou série a verificar. Não apague as fórmulas.
A7: 3. Monitoramento automático de impressoras | B7: Ferramentas como PRTG, Zabbix, LibreNMS ou PaperCut leem esta lista de IPs via SNMP e avisam quando uma impressora está offline, sem toner ou com erro de papel — sem precisar abrir a planilha.
A9: 4. Planilha -> Banco de dados | B9: Suba estes dados para Google Sheets (com Apps Script) ou para uma base como Airtable/Baserow. Isso permite consultar e editar de qualquer lugar, com histórico de alterações.
A11: 5. Virar um site simples | B11: Com o Google Sheets publicado, ferramentas como Glide, Softr ou AppSheet criam um site/app de consulta em minutos, sem programar — cada filial vê só as suas impressoras.
A13: 6. Site sob medida | B13: Se quiser algo mais robusto (login por filial, alertas automáticos, histórico de trocas de toner), dá para construir um pequeno sistema web (ex.: com banco de dados + painel) — posso te ajudar a montar isso também.
A15: 7. QR Code por impressora | B15: Gere um QR Code para cada impressora (com IP, modelo e PIN) e cole na própria máquina — o técnico escaneia e já vê os dados, sem precisar abrir a planilha.

Sheet Dados Originais (backup)
A1: Cópia integral dos dados originais, sem edições — apenas para consulta e conferência.
A3: Setor | B3: Modelo Impressora | C3: N° de série | D3: IP | E3: PIN
A4: Arinos AGV normal 01 | B4: HP 4003 Dw | C4: BRBSR6P0FH | D4: 192.168.106.41 | E4: 65562957
A5: Arinos AGV normal 02 | B5: HP 4003 Dw | C5: BRBSR6P0GK | D5: 192.168.106.42 | E5: 65640910
A6: Arinos AGV Balcão | B6: HP 426 Fdw | D6: 192.168.106.34 | E6: (reserva)
A7: Arinos agv reserva | B7: HP 3015 | C7: BRCSG2F011 | E7: (usa o ip da que tirou)
A8: Arinos Mercado | B8: HP 4103 Fdw | C8: BRBSRD704C | D8: 192.168.106.35 | E8: Pegar PIN
A9: Arinos – posto contin... | B9: HP 4103 Fdw | C9: BRBSQ51041 | D9: 192.168.116.35 | E9: 4815061
A10: Arinos – Posto caixa | B10: HP 4003 Dw | C10: BRBSQ7S0PN | D10: 192.168.116.36 | E10: 21660333
A11: Arinos AGV | B11: HP 4103 Fdw | C11: BRBSS1D009 | D11: 192.168.106.40 | E11: 93845138
A12: Bonfin AGV normal 01 | B12: HP 4103 Fdw | C12: BRBSR6P0D2 | D12: 192.168.119.36 | E12: 65485134
A13: Bonfin AGV normal 02 | B13: HP 4003 | C13: BRBSS9T05H | D13: 192.168.119.37 | E13: verificar
A14: Bonfinópolis Mesa Aline | B14: HP 426 Fdw | C14: PHB8J6VFWM | D14: 192.168.119.35 | E14: verificar
A15: Bonfinópolis Balcão Vendas | B15: HP 3015 | D15: 192.168.119.38 | E15: verificar
A16: Brasilândia AGV balcão | B16: HP Pro 400 | C16: CNF8G4HDH3 | D16: 192.168.128.35 | E16: verificar
A17: Brasilândia AGV normal 01 | B17: HP 4003 Dw | C17: BRBSR6P08X | D17: 192.168.128.36 | E17: 65229271
A18: Brasilândia AGV normal 02 | B18: HP 4003 Dw | C18: BRBSR4X069 | D18: 192.168.128.37 | E18: 27660562
A19: Brasilândia AGV reserva | B19: Hp 3015 | D19: 192.168.128.39
A20: Buritis AGV normal 01 | B20: HP 4003 Dw | C20: BRBSR6P080 | D20: 192.168.125.32 | E20: 65188125
A21: Buritis AGV normal 02 | B21: HP 4003 Dw | C21: BRBSRBM096 | D21: 192.168.125.33 | E21: 65585930
A22: Buritis AGV Balcão | B22: HP 4103 Fdw | C22: BRBSSDM09R | D22: 192.168.125.31 | E22: 3615771
A23: Buritis AGV Ilza | B23: HP Pro 428fdw | C23: BRDSQCF0F0 | D23: 192.168.125.30
A24: CAG_NORMAL02 | B24: HP 4003 Fdw | C24: BRBSR6P0G8 | D24: 192.168.129.40 | E24: 65628895
A25: CAG_NORMAL01 | B25: HP 4003 Fdw | C25: BRBS07S0P0 | D25: 192.168.129.39 | E25: 21652072
A26: CAG_BALCAO | B26: HP 3015 | D26: 192.168.129.38 | E26: Balcão
A27: CAG_RESERVA | B27: HP 4003 | D27: 192.168.129.37
A28: CAG_ESCRITORIO | B28: HP 426 | C28: BRBSV4S0KB | D28: 192.168.129.36 | E28: 92216916
A29: Cab Grande AGV Continge. | B29: HP 4003 Dw | C29: BRBSR6P0FP | D29: 192.168.112.37 | E29: 65573020
A30: Cab Grande AGV normal | B30: HP 4003 Dw | C30: BRBSR6P09F | D30: 192.168.112.36 | E30: 65301488
A31: Cab Grande | B31: HP 428 Fdw | C31: BRDSQDF0FS | D31: 192.168.112.35
A32: Chapada ESCRITÓRIO | B32: HP M26 | D32: 192.168.152.34
A33: Chapada CHA_NORMAL01 | B33: HP 4003 | D33: 192.168.152.35
A34: Chapada BALCAO FUNDO | B34: HP P3015 | D34: 192.168.152.36
A35: Chapada RESERVA | B35: HP P3015 | D35: 192.168.152.37
A36: Dom Bosco Balcão agv | B36: HP 426 Fdw | C36: BRBSHBP6ZW | D36: 192.168.113.35
A37: Dom Bosco AGV Contig | B37: HP 4003Dw | C37: BRBSR6P0FP | D37: 192.168.112.37 | E37: Verificar
A38: Dom Bosco Normal (caixa) | B38: HP 4003 Dw | C38: BRBSR6P0FK | D38: 192.168.113.36 | E38: 65564184
A39: Dom Bosco Mercado | B39: HP 4103 Dw | C39: BRBSRD7049 | D39: 192.168.113.38 | E39: 69947784
A40: Fabrica Almoxarifado | B40: HP 426 Fdw | C40: BRBSL6M321 | D40: 192.168.118.53
A41: Fabrica Laboratório | B41: HP Laser Jet Sun | C41: CNF8H4WHG2 | D41: 192.168.118.55
A42: Fabrica Lidyane | B42: HP 4103 Fdw | C42: BRBSSBS03P | D42: 192.168.118.51 | E42: 99253758
A43: Fabrica Oficina Elétrica | B43: Hp M426fdw | C43: BRBSJ8H73R | D43: 192.168.118.49
A44: Fabrica Escritorio Simone | B44: HP LaserJet MFP M426fdw | C44: BRBSHBP6Z9 | D44: 192168118145
A45: Fabrica Balança Escritorio | B45: HP LJ Pro MFP 4103 | C45: BRBSSBF0F1 | D45: 192.168.118.50 | E45: 92468001
A46: Fabrica Recepção Simone | B46: HP 4103 Fdw | C46: BRBSS1C0KZ | D46: 192.168.118.56 | E46: 93689844
A47: Fabrica RH | B47: HP 426 Fdw | C47: BRBSL4DMYQ | D47: 192.168.118.54
A48: Fabrica Sala de comando | B48: HP 428 Fdw | C48: BRDSQDF0F3 | D48: 192.168.118.52
A49: Fabrica Anderson | B49: HP laser 200 | C49: BRBSFCPVJP | D49: 192.168.118.57
A50: Fabrica Classificação | B50: HP 428 Fdw | C50: BRDSP3RVM1 | D50: 192.168.118.58
A51: Fabrica Balança Granel | B51: HP 4103 Fdw | C51: BRBSR6P0FS | D51: 192168118217 | E51: Verificar
A52: Fabrica Segurança do Trabalho | B52: M521dn | C52: CNB7G724Z0 | D52: 192168118215
A53: Fabrica Sala Washigton Gerente | B53: Hp 428 fdw | C53: BRDSQDF0NR | D53: 192.168.118.78 | E53: Verificar
A54: Fabrica Sala representantes | B54: Hp Lazer Jet 400 | C54: CNB7GCVP14 | D54: 192.168.118.48
A55: Fabrica Elias | B55: Hp 428 fdw | C55: BRDSNDYFTF | D55: 192.168.118.47
A56: Fabrica Portaria | B56: Hp 3015 | C56: BRCSG2F017 | D56: 192.168.118.80
A57: Natalândia AGV normal 01 | B57: HP 4003 Dw | C57: BRBSR6P0GJ | D57: 192.168.121.36 | E57: 65637909
A58: Natalândia AGV normal 02 | B58: HP 4003 Dw | C58: BRBSQ7S0NM | D58: 192.168.121.37 | E58: 21622299
A59: Natalândia | B59: HP 426 | C59: BRBSJ6670P | D59: 192.168.121.35
A60: Riachinho Sala Patricia | B60: HP 426 | C60: BRBSM4J77Z | D60: 192.168.127.36
A61: Riachinho AGV normal 01 | B61: HP 4003 Dw | C61: BRBSR6P0F8 | D61: 192.168.127.35 | E61: 65545428
A62: Riachinho AGV normal 02 | B62: HP 4003 Dw | C62: BRBSRBL068 | D62: 192.168.127.34 | E62: 99128754
A63: Riachinho reserva | D63: 192.168.127.37 | E63: (reserva)
A64: Riachinho Sala Nota fundo | B64: Hp laserJet 400 | C64: CNF8H4WJHC | D64: 192.168.127.38
A65: Unaí AGV balcão | B65: HP 3015 | C65: BRBFC4YC0L | D65: 172.16.12.249
A66: Unaí AGV Conf caixas | B66: Hp 3015 | C66: BRBFD3PC9K | D66: 172.16.12.250
A67: Unaí AGV Normal 01 | B67: HP 4003 Dw | C67: BRBSQ7S0NP | D67: 172.16.12.244 | E67: 21624835
A68: Unaí AGV Normal 02 | B68: HP 4003 Dw | C68: BRBSRBL02G | D68: 172.16.12.245 | E68: 98910612
A69: Unaí AGV Normal 03 | B69: HP 4003 Dw | C69: BRBSQ7S0WD | D69: 172.16.12.246 | E69: 21914232
A70: Unaí AGV Normal 04 | B70: HP 4003 Dw | C70: BRBSRBL0C0 | D70: 172.16.12.247 | E70: 10304792
A71: Unaí AGV Normal 05 | B71: HP 4003 Dw | C71: BRBSRBL071 | D71: 172.16.12.248 | E71: 99147736
A72: Unaí AGV Tele Vendas | B72: HP 428 Fdw | C72: BRDSQCH00Q | D72: 172.16.12.251
A73: Unaí Almoxarifado 01 | B73: HP LaserJet 400 MFP M425dnn | C73: CNF8GDH49F | D73: 172.16.6.240
A74: Unaí Almoxarifado 02 | B74: HP M426fdw | C74: BRBSJ3F7GG | D74: 172.16.1.244
A75: Unaí Auditoria Contingen. | B75: DCP-L5652DN | D75: 172.16.1.5 | E75: (manual)
A76: Unaí Cadastro | B76: HP 428 | C76: BRDSNDB73X | D76: 172.16.10.240
A77: Unaí Frente Caixas AGV | B77: HP 428 | C77: BRDSQB30JT | D77: 172.16.12.241
A78: Unaí Setor de Compras | B78: HP 428 | C78: BRBSN4H75D | D78: 172.16.10.239
A79: Unaí Controladoria | B79: HP4103 Fdw | C79: BRBSQ9F0BR | D79: 172.16.1.238 | E79: 60057273
A80: Unaí Controle Patrimonial | B80: HP 428 Fdw | C80: BRDSQC908V | D80: 172.16.1.248
A81: Unaí Comunicação | B81: Epson ECOTANK | C81: XAABP84343 | D81: USB (MANUAL)
A82: Unaí Contabilidade 01 | B82: HP MFP M428fdw | C82: BRDSNDYGKM | D82: 172.16.12.240
A83: Unaí Contabilidade 02 | B83: HP 3015 | C83: BRBHBD076Q | D83: 172.16.11.241
A84: Unaí Dep. Ferragens | B84: HP 426 | C84: BRBSHBP6ZJ | D84: 172.16.6.241
A85: Unaí Dep. AGV | B85: HP 428 | C85: BRDSNDYGKM | D85: 172.16.12.240
A86: Unaí Dep. AGV Transfe. | B86: HP 426FDW | C86: BRBSKC284X | D86: 172.16.12.252
A87: Unaí Deposito mercado | B87: HP 428 Fdw | C87: BRDSP4G0VX | D87: 172.16.9.242
A88: Unaí Dep. Técnico | B88: HP 426fdw | C88: BRBSJ3F7GJ | D88: 172.16.12.242
A89: Unaí Despachante | B89: HP 4103 | C89: BRBSR9M00G | D89: 172.16.10.242 | E89: 57464858
A90: Unaí Diretoria | B90: HP 426 Fdw | C90: BRBSJ3F7G2 | D90: 192.168.0.39
A91: Unaí Financeiro | B91: HP 428 Fdw | C91: BRDSR1S0Q4 | D91: 192.168.0.42
A92: Unaí Jurídico | B92: HP 428 Fdw | C92: BRDSQBM0FC | D92: 172.16.1.237
A93: Unaí Laticínio | B93: HP 4103FDW | C93: BRBSRD705X | D93: 172.16.3.241 | E93: 70519226
A94: Unaí Laticínios Fabrica | B94: HP 3015 | C94: BRBFD4YC60 | D94: 172.16.3.242
A95: Unaí Meio Ambiente | B95: HP 426fdw | C95: BRBSKC2832 | D95: 172.16.3.35
A96: Unaí Meio Ambiente Epson Colorida | B96: Epson | C96: XAABC46484 | D96: Manual
A97: Unaí Mercado Gerencia | B97: HP 428 | C97: BRDSP7Z091 | D97: 172.16.1.246
A98: Unaí Mercado Balcão | B98: HP 428fdw | C98: BRDSO130GM | D98: 172.16.9.240
A99: Unaí Oficina Elétrica | B99: HP428fdw | C99: BRDSP970H1 | D99: 172.16.7.240
A100: Unaí Posto | B100: HP Pro 400 | C100: CNF8G38B5V | D100: 172.16.8.240
A101: Unaí RH | B101: HP 426 | C101: BRBSHB4703 | D101: 172.16.1.6
...
